report_id,trade_date,reported_time,time_kind,order_id,stock_code,stock_name,transaction_type,shares,reported_quantity_unit,fill_price,consideration_twd,fee_twd,tax_twd,net_cash_twd,currency,strategy_id,matched_trade_id,status,source
OWNER20261001-01,2026-10-01,14:30:00,FILL_TIME,X-087S,2354,鴻準,現賣,202,SHARES,66.3,13392.6,,,,TWD,MARGIN,,CONFIRMED_FILL_FEES_NET_UNKNOWN,owner_pasted_trade_tables_20261001
OWNER20261001-02,2026-10-01,14:30:00,FILL_TIME,X-087S,2354,鴻準,現賣,1,SHARES,66.3,66.3,,,,TWD,MARGIN,,CONFIRMED_FILL_FEES_NET_UNKNOWN,owner_pasted_trade_tables_20261001
OWNER20261001-03,2026-10-01,14:30:00,FILL_TIME,X-087S,2354,鴻準,現賣,6,SHARES,66.3,397.8,,,,TWD,MARGIN,,CONFIRMED_FILL_FEES_NET_UNKNOWN,owner_pasted_trade_tables_20261001
OWNER20261001-04,2026-10-01,14:30:00,FILL_TIME,X-087S,2354,鴻準,現賣,500,SHARES,66.3,33150.0,,,,TWD,MARGIN,,CONFIRMED_FILL_FEES_NET_UNKNOWN,owner_pasted_trade_tables_20261001
OWNER20261001-05,2026-10-01,14:30:00,FILL_TIME,X-087S,2354,鴻準,現賣,79,SHARES,66.3,5237.7,,,,TWD,MARGIN,,CONFIRMED_FILL_FEES_NET_UNKNOWN,owner_pasted_trade_tables_20261001
OWNER20261001-06,2026-10-01,14:30:00,FILL_TIME,X-087Q,3231,緯創,現賣,240,SHARES,190.5,45720.0,,,,TWD,TRUST,,CONFIRMED_FILL_FEES_NET_UNKNOWN,owner_pasted_trade_tables_20261001
OWNER20261001-07,2026-10-01,14:30:00,FILL_TIME,X-087Q,3231,緯創,現賣,261,SHARES,190.5,49720.5,,,,TWD,TRUST,,CONFIRMED_FILL_FEES_NET_UNKNOWN,owner_pasted_trade_tables_20261001
OWNER20261001-08,2026-08-11,09:47:04,ORDER_TIME_NOT_FILL_TIME,X-034X,1709,和益,現買,3000,LOTS_1000_SHARES,26.85,80550.00,,,,TWD,BREAKOUT,X-034X,ALREADY_RECORDED,owner_pasted_trade_tables_20261001
OWNER20261001-09,2026-08-11,09:20:24,ORDER_TIME_NOT_FILL_TIME,X-026V,2397,友通,現買,1000,LOTS_1000_SHARES,65.5,65500.0,,,,TWD,YOY,X-026V,ALREADY_RECORDED,owner_pasted_trade_tables_20261001
OWNER20261001-10,2026-08-12,09:08:22,ORDER_TIME_NOT_FILL_TIME,X-01GH,2103,台橡,現買,2000,LOTS_1000_SHARES,27.75,55500.00,,,,TWD,YOY,X-01GH,ALREADY_RECORDED,owner_pasted_trade_tables_20261001
OWNER20261001-11,2026-08-18,09:01:28,ORDER_TIME_NOT_FILL_TIME,X-00ZG,2609,陽明,現買,1000,LOTS_1000_SHARES,54.7,54700.0,,,,TWD,TRUST,X-00ZG,ALREADY_RECORDED,owner_pasted_trade_tables_20261001
OWNER20261001-12,2026-08-19,09:09:00,ORDER_TIME_NOT_FILL_TIME,X-01J5,2606,裕民,現買,1000,LOTS_1000_SHARES,68.7,68700.0,,,,TWD,TRUST,X-01J5,ALREADY_RECORDED,owner_pasted_trade_tables_20261001
OWNER20261001-13,2026-08-25,09:01:20,ORDER_TIME_NOT_FILL_TIME,X-00ZX,2637,慧洋-KY,現買,1000,LOTS_1000_SHARES,97.8,97800.0,,,,TWD,MARGIN,X-00ZX-20260825,ALREADY_RECORDED,owner_pasted_trade_tables_20261001
OWNER20261001-14,2026-08-27,12:21:04,ORDER_TIME_NOT_FILL_TIME,X-06D7,2606,裕民,現賣,1000,LOTS_1000_SHARES,73.8,73800.0,,,,TWD,TRUST,X-06D7,ALREADY_RECORDED,owner_pasted_trade_tables_20261001
OWNER20261001-15,2026-09-01,10:18:45,ORDER_TIME_NOT_FILL_TIME,X-04GY,1709,和益,現賣,3000,LOTS_1000_SHARES,36.3,108900.0,,,,TWD,BREAKOUT,X-04GY-20260901,ALREADY_RECORDED,owner_pasted_trade_tables_20261001
OWNER20261001-16,2026-09-01,09:08:00,ORDER_TIME_NOT_FILL_TIME,X-01MY,1717,長興,現買,1000,LOTS_1000_SHARES,81.7,81700.0,,,,TWD,TRUST,X-01MY-20260901,ALREADY_RECORDED,owner_pasted_trade_tables_20261001
OWNER20261001-17,2026-09-03,09:57:00,ORDER_TIME_NOT_FILL_TIME,X-03YQ,1712,興農,現買,1000,LOTS_1000_SHARES,40.7,40700.0,,,,TWD,MARGIN,X-03YQ-20260903,ALREADY_RECORDED,owner_pasted_trade_tables_20261001
OWNER20261001-18,2026-09-03,09:55:02,ORDER_TIME_NOT_FILL_TIME,X-03WH,6108,競國,現買,2000,LOTS_1000_SHARES,23.4,46800.0,,,,TWD,MARGIN,X-03WH-20260903,ALREADY_RECORDED,owner_pasted_trade_tables_20261001
OWNER20261001-19,2026-09-04,10:22:31,ORDER_TIME_NOT_FILL_TIME,X-03SJ,2489,瑞軒,現買,3000,LOTS_1000_SHARES,39.55,118650.00,,,,TWD,TRUST,X-03SJ-20260904,ALREADY_RECORDED,owner_pasted_trade_tables_20261001
OWNER20261001-20,2026-09-10,11:37:51,ORDER_TIME_NOT_FILL_TIME,X-05DS,3055,蔚華科,券賣,1000,LOTS_1000_SHARES,147,147000,,,,TWD,,,OUTSIDE_FOUR_STRATEGIES_SHORT_FEES_UNKNOWN,owner_pasted_trade_tables_20261001
OWNER20261001-21,2026-09-11,09:54:13,ORDER_TIME_NOT_FILL_TIME,X-044X,6179,亞通,現買,1000,LOTS_1000_SHARES,36.8,36800.0,,,,TWD,YOY,X-044X-20260911,ALREADY_RECORDED,owner_pasted_trade_tables_20261001
OWNER20261001-22,2026-09-11,11:19:15,ORDER_TIME_NOT_FILL_TIME,X-05XQ,2609,陽明,現賣,1000,LOTS_1000_SHARES,60,60000,,,,TWD,TRUST,X-05XQ-20260911,ALREADY_RECORDED,owner_pasted_trade_tables_20261001
OWNER20261001-23,2026-09-17,10:45:39,ORDER_TIME_NOT_FILL_TIME,X-04RE,2103,台橡,現賣,2000,LOTS_1000_SHARES,27.9,55800.0,,,,TWD,YOY,X-04RE-20260917,ALREADY_RECORDED,owner_pasted_trade_tables_20261001
OWNER20261001-24,2026-09-23,10:11:06,ORDER_TIME_NOT_FILL_TIME,X-04DK,3055,蔚華科,券買,1000,LOTS_1000_SHARES,217,217000,,,,TWD,,,OUTSIDE_FOUR_STRATEGIES_SHORT_FEES_UNKNOWN,owner_pasted_trade_tables_20261001
