trade_date,type,stock_code,stock_name,shares,price,gross,financing,collateral,margin,fee,tax,interest,borrow_fee,payable,receivable,order_id,currency
2026-08-11,現買,1590,亞德客-KY,63.000000,1535.000000,96705.000000,0.000000,0.000000,0.000000,137.000000,0.000000,0.000000,0.000000,96842.000000,0.000000,X-0467,台幣
2026-08-11,現買,1709,和益,3000.000000,26.850000,80550.000000,0.000000,0.000000,0.000000,114.000000,0.000000,0.000000,0.000000,80664.000000,0.000000,X-034X,台幣
2026-08-11,現買,1709,和益,400.000000,26.950000,10780.000000,0.000000,0.000000,0.000000,15.000000,0.000000,0.000000,0.000000,10795.000000,0.000000,X-048H,台幣
2026-08-11,現買,1709,和益,244.000000,27.000000,6588.000000,0.000000,0.000000,0.000000,9.000000,0.000000,0.000000,0.000000,6597.000000,0.000000,X-04C4,台幣
2026-08-11,現買,2301,光寶科,261.000000,271.500000,70861.000000,0.000000,0.000000,0.000000,100.000000,0.000000,0.000000,0.000000,70961.000000,0.000000,X-02K0,台幣
2026-08-11,現買,2354,鴻準,788.000000,62.800000,49486.000000,0.000000,0.000000,0.000000,70.000000,0.000000,0.000000,0.000000,49556.000000,0.000000,X-02Q7,台幣
2026-08-11,現買,2395,研華,106.000000,667.000000,70702.000000,0.000000,0.000000,0.000000,100.000000,0.000000,0.000000,0.000000,70802.000000,0.000000,X-02M0,台幣
2026-08-11,現買,2397,友通,1000.000000,65.500000,65500.000000,0.000000,0.000000,0.000000,93.000000,0.000000,0.000000,0.000000,65593.000000,0.000000,X-026V,台幣
2026-08-11,現買,2397,友通,45.000000,65.500000,2947.000000,0.000000,0.000000,0.000000,4.000000,0.000000,0.000000,0.000000,2951.000000,0.000000,X-0310,台幣
2026-08-11,現買,2408,南亞科,198.000000,477.000000,94446.000000,0.000000,0.000000,0.000000,134.000000,0.000000,0.000000,0.000000,94580.000000,0.000000,X-038B,台幣
2026-08-11,現買,3006,晶豪科,257.000000,268.000000,68876.000000,0.000000,0.000000,0.000000,98.000000,0.000000,0.000000,0.000000,68974.000000,0.000000,X-02L0,台幣
2026-08-11,現買,3702,大聯大,546.000000,126.500000,69069.000000,0.000000,0.000000,0.000000,98.000000,0.000000,0.000000,0.000000,69167.000000,0.000000,X-02HV,台幣
2026-08-12,現買,2059,川湖,5.000000,11980.000000,59900.000000,0.000000,0.000000,0.000000,85.000000,0.000000,0.000000,0.000000,59985.000000,0.000000,X-03FY,台幣
2026-08-12,現買,2103,台橡,2000.000000,27.750000,55500.000000,0.000000,0.000000,0.000000,79.000000,0.000000,0.000000,0.000000,55579.000000,0.000000,X-01GH,台幣
2026-08-12,現買,2103,台橡,584.000000,27.600000,16118.000000,0.000000,0.000000,0.000000,22.000000,0.000000,0.000000,0.000000,16140.000000,0.000000,X-01YH,台幣
2026-08-14,現買,3044,健鼎,200.000000,495.000000,99000.000000,0.000000,0.000000,0.000000,141.000000,0.000000,0.000000,0.000000,99141.000000,0.000000,X-015L,台幣
2026-08-18,現買,1709,和益,305.000000,31.600000,9638.000000,0.000000,0.000000,0.000000,13.000000,0.000000,0.000000,0.000000,9651.000000,0.000000,X-01FZ,台幣
2026-08-18,現買,2609,陽明,1000.000000,54.700000,54700.000000,0.000000,0.000000,0.000000,77.000000,0.000000,0.000000,0.000000,54777.000000,0.000000,X-00ZG,台幣
2026-08-19,現買,2301,光寶科,365.000000,268.500000,98002.000000,0.000000,0.000000,0.000000,139.000000,0.000000,0.000000,0.000000,98141.000000,0.000000,X-00ZX,台幣
2026-08-19,現買,2606,裕民,1000.000000,68.700000,68700.000000,0.000000,0.000000,0.000000,97.000000,0.000000,0.000000,0.000000,68797.000000,0.000000,X-01J5,台幣
2026-08-19,現賣,3702,大聯大,546.000000,107.000000,58422.000000,0.000000,0.000000,0.000000,83.000000,175.000000,0.000000,0.000000,0.000000,58164.000000,X-07P7,台幣
2026-08-19,現買,6672,騰輝電子-KY,347.000000,282.000000,97854.000000,0.000000,0.000000,0.000000,139.000000,0.000000,0.000000,0.000000,97993.000000,0.000000,X-013M,台幣
2026-08-25,現買,2637,慧洋-KY,1000.000000,97.800000,97800.000000,0.000000,0.000000,0.000000,139.000000,0.000000,0.000000,0.000000,97939.000000,0.000000,X-00ZX,台幣
2026-08-27,現賣,2606,裕民,1000.000000,73.800000,73800.000000,0.000000,0.000000,0.000000,105.000000,221.000000,0.000000,0.000000,0.000000,73474.000000,X-06D7,台幣
2026-08-28,現賣,3044,健鼎,200.000000,497.000000,99400.000000,0.000000,0.000000,0.000000,141.000000,298.000000,0.000000,0.000000,0.000000,98961.000000,X-03D9,台幣
2026-08-28,現買,6727,亞泰金屬,189.000000,525.000000,99225.000000,0.000000,0.000000,0.000000,141.000000,0.000000,0.000000,0.000000,99366.000000,0.000000,X-034W,台幣
2026-09-01,現賣,1709,和益,3000.000000,36.300000,108900.000000,0.000000,0.000000,0.000000,155.000000,326.000000,0.000000,0.000000,0.000000,108419.000000,X-04GY,台幣
2026-09-01,現買,1717,長興,1000.000000,81.700000,81700.000000,0.000000,0.000000,0.000000,116.000000,0.000000,0.000000,0.000000,81816.000000,0.000000,X-01MY,台幣
2026-09-01,現買,1717,長興,210.000000,81.700000,17157.000000,0.000000,0.000000,0.000000,24.000000,0.000000,0.000000,0.000000,17181.000000,0.000000,X-01Q7,台幣
2026-09-01,現賣,6672,騰輝電子-KY,347.000000,279.000000,96813.000000,0.000000,0.000000,0.000000,137.000000,290.000000,0.000000,0.000000,0.000000,96386.000000,X-02RG,台幣
2026-09-03,現買,1712,興農,1000.000000,40.700000,40700.000000,0.000000,0.000000,0.000000,57.000000,0.000000,0.000000,0.000000,40757.000000,0.000000,X-03YQ,台幣
2026-09-03,現買,1712,興農,66.000000,40.500000,2673.000000,0.000000,0.000000,0.000000,3.000000,0.000000,0.000000,0.000000,2676.000000,0.000000,X-089S,台幣
2026-09-03,現買,6108,競國,2000.000000,23.400000,46800.000000,0.000000,0.000000,0.000000,66.000000,0.000000,0.000000,0.000000,46866.000000,0.000000,X-03WH,台幣
2026-09-03,現買,6108,競國,136.000000,23.550000,3202.000000,0.000000,0.000000,0.000000,4.000000,0.000000,0.000000,0.000000,3206.000000,0.000000,X-05F6,台幣
2026-09-04,現賣,2059,川湖,5.000000,13480.000000,67400.000000,0.000000,0.000000,0.000000,96.000000,202.000000,0.000000,0.000000,0.000000,67102.000000,X-0411,台幣
2026-09-04,現賣,2301,光寶科,111.000000,308.500000,34243.000000,0.000000,0.000000,0.000000,48.000000,102.000000,0.000000,0.000000,0.000000,34093.000000,X-040C,台幣
2026-09-04,現賣,2301,光寶科,515.000000,309.500000,159392.000000,0.000000,0.000000,0.000000,227.000000,478.000000,0.000000,0.000000,0.000000,158687.000000,X-040C,台幣
2026-09-04,現賣,2395,研華,106.000000,717.000000,76002.000000,0.000000,0.000000,0.000000,108.000000,228.000000,0.000000,0.000000,0.000000,75666.000000,X-04RD,台幣
2026-09-04,現買,2489,瑞軒,3000.000000,39.550000,118650.000000,0.000000,0.000000,0.000000,169.000000,0.000000,0.000000,0.000000,118819.000000,0.000000,X-03SJ,台幣
2026-09-07,現賣,1709,和益,949.000000,34.000000,32266.000000,0.000000,0.000000,0.000000,45.000000,96.000000,0.000000,0.000000,0.000000,32125.000000,X-076C,台幣
2026-09-07,現賣,2408,南亞科,198.000000,517.000000,102366.000000,0.000000,0.000000,0.000000,145.000000,307.000000,0.000000,0.000000,0.000000,101914.000000,X-0767,台幣
2026-09-07,現賣,3006,晶豪科,257.000000,297.500000,76457.000000,0.000000,0.000000,0.000000,108.000000,229.000000,0.000000,0.000000,0.000000,76120.000000,X-0769,台幣
2026-09-08,現買,3231,緯創,501.000000,184.000000,92184.000000,0.000000,0.000000,0.000000,131.000000,0.000000,0.000000,0.000000,92315.000000,0.000000,X-01RL,台幣
2026-09-10,券賣,3055,蔚華科,1000.000000,147.000000,147000.000000,0.000000,146233.000000,147000.000000,209.000000,441.000000,0.000000,117.000000,147000.000000,0.000000,X-05DS,台幣
2026-09-11,現買,1303,南亞,211.000000,236.000000,49796.000000,0.000000,0.000000,0.000000,70.000000,0.000000,0.000000,0.000000,49866.000000,0.000000,X-04BK,台幣
2026-09-11,現賣,2609,陽明,1000.000000,60.000000,60000.000000,0.000000,0.000000,0.000000,85.000000,180.000000,0.000000,0.000000,0.000000,59735.000000,X-05XQ,台幣
2026-09-11,現賣,2886,兆豐金,1.000000,51.600000,51.000000,0.000000,0.000000,0.000000,1.000000,0.000000,0.000000,0.000000,0.000000,50.000000,X-07Z2,台幣
2026-09-11,現買,3006,晶豪科,348.000000,288.000000,100224.000000,0.000000,0.000000,0.000000,142.000000,0.000000,0.000000,0.000000,100366.000000,0.000000,X-03H8,台幣
2026-09-11,現買,6179,亞通,1000.000000,36.800000,36800.000000,0.000000,0.000000,0.000000,52.000000,0.000000,0.000000,0.000000,36852.000000,0.000000,X-044X,台幣
2026-09-11,現買,6179,亞通,308.000000,36.700000,11303.000000,0.000000,0.000000,0.000000,16.000000,0.000000,0.000000,0.000000,11319.000000,0.000000,X-045C,台幣
2026-09-11,現買,6426,統新,157.000000,315.000000,49455.000000,0.000000,0.000000,0.000000,70.000000,0.000000,0.000000,0.000000,49525.000000,0.000000,X-03UP,台幣
2026-09-17,現賣,1303,南亞,211.000000,237.500000,50112.000000,0.000000,0.000000,0.000000,71.000000,150.000000,0.000000,0.000000,0.000000,49891.000000,X-05M6,台幣
2026-09-17,現賣,1590,亞德客-KY,63.000000,1245.000000,78435.000000,0.000000,0.000000,0.000000,111.000000,235.000000,0.000000,0.000000,0.000000,78089.000000,X-05PE,台幣
2026-09-17,現賣,2103,台橡,2000.000000,27.900000,55800.000000,0.000000,0.000000,0.000000,79.000000,167.000000,0.000000,0.000000,0.000000,55554.000000,X-04RE,台幣
2026-09-17,現賣,2103,台橡,584.000000,27.950000,16322.000000,0.000000,0.000000,0.000000,23.000000,48.000000,0.000000,0.000000,0.000000,16251.000000,X-04S7,台幣
2026-09-17,現賣,6727,亞泰金屬,189.000000,476.500000,90058.000000,0.000000,0.000000,0.000000,128.000000,270.000000,0.000000,0.000000,0.000000,89660.000000,X-05R2,台幣
2026-09-23,券買,3055,蔚華科,1000.000000,217.000000,217000.000000,0.000000,146233.000000,147000.000000,309.000000,0.000000,24.000000,0.000000,0.000000,75948.000000,X-04DK,台幣
2026-10-01,現賣,2354,鴻準,788.000000,66.300000,52244.000000,0.000000,0.000000,0.000000,74.000000,156.000000,0.000000,0.000000,0.000000,52014.000000,X-087S,台幣
2026-10-01,現賣,3231,緯創,501.000000,190.500000,95440.000000,0.000000,0.000000,0.000000,136.000000,286.000000,0.000000,0.000000,0.000000,95018.000000,X-087Q,台幣
