trade_date,stock_code,stock_name,type,shares,price,buy_amount,sell_amount,pnl,order_id,included,exclusion_reason
2025-09-23,3055,蔚華科,融券,1000,217,75948,147000,-71052,X-04DK,true,
2025-09-17,1590,亞德客-KY,現股,63,1245,96842,78089,-18753,X-05PE,true,
2025-08-19,3702,大聯大,現股,546,107,69167,58164,-11003,X-07P7,true,
2025-09-17,6727,亞泰金屬,現股,189,476.5,99366,89660,-9706,X-05R2,true,
2025-09-01,6672,騰輝電子-KY,現股,347,279,97993,96386,-1607,X-02RG,true,
2025-08-28,3044,健鼎,現股,200,497,99141,98961,-180,X-03D9,true,
2025-09-17,2103,台橡,現股,2000,27.9,55579,55554,-25,X-04RE,true,
2025-09-17,1303,南亞,現股,211,237.5,49866,49891,25,X-05M6,true,
2025-09-17,2103,台橡,現股,584,27.95,16140,16251,111,X-04S7,true,
2025-10-01,3231,緯創,現股,501,190.5,92315,95018,2703,X-087Q,true,
2025-10-01,2354,鴻準,現股,788,66.3,49556,52014,2458,X-087S,true,
2025-08-27,2606,裕民,現股,1000,73.8,68797,73474,4677,X-06D7,true,
2025-09-04,2395,研華,現股,106,717,70802,75666,4864,X-04RD,true,
2025-09-07,2408,南亞科,現股,198,517,94580,101914,7334,X-0767,true,
2025-09-11,2609,陽明,現股,1000,60,54777,59735,4958,X-05XQ,true,
2025-09-07,3006,晶豪科,現股,257,297.5,68974,76120,7146,X-0769,true,
2025-09-04,2059,川湖,現股,5,13480,59730,67102,7372,X-0411,true,
2025-09-04,2301,光寶科,現股,111,308.5,29901,34093,4192,X-040C,true,
2025-09-04,2301,光寶科,現股,515,309.5,138548,158687,20139,X-040C,true,
2025-09-07,1709,和益,現股,949,34,26094,32125,6031,X-076C,true,
2025-09-11,2886,兆豐金,現股,1,51.6,40,50,10,X-0722,false,OWNER_TEST_TRADE
2025-09-01,1709,和益,現股,3000,36.3,77664,108419,30755,X-04GY,true,
